Image,target
508.jpg,odissi
246.jpg,kathakali
473.jpg,odissi
485.jpg,odissi
128.jpg,kathakali
410.jpg,kuchipudi
465.jpg,odissi
196.jpg,kathakali
340.jpg,bharatanatyam
467.jpg,odissi
306.jpg,odissi
171.jpg,bharatanatyam
323.jpg,odissi
332.jpg,odissi
330.jpg,sattriya
170.jpg,bharatanatyam
479.jpg,odissi
9.jpg,kathak
283.jpg,mohiniyattam
114.jpg,bharatanatyam
507.jpg,odissi
183.jpg,kathakali
200.jpg,odissi
457.jpg,odissi
264.jpg,kathak
194.jpg,kathakali
518.jpg,odissi
175.jpg,kathak
64.jpg,kathak
152.jpg,bharatanatyam
270.jpg,kathakali
125.jpg,odissi
38.jpg,kathak
440.jpg,kuchipudi
302.jpg,odissi
394.jpg,bharatanatyam
448.jpg,odissi
463.jpg,odissi
20.jpg,kathak
301.jpg,bharatanatyam
28.jpg,kathak
61.jpg,kathak
398.jpg,kathak
349.jpg,odissi
271.jpg,mohiniyattam
286.jpg,odissi
431.jpg,kathak
316.jpg,kathakali
224.jpg,kathakali
411.jpg,odissi
278.jpg,odissi
456.jpg,odissi
45.jpg,kathak
324.jpg,bharatanatyam
6.jpg,kathak
59.jpg,odissi
86.jpg,mohiniyattam
470.jpg,odissi
374.jpg,bharatanatyam
132.jpg,mohiniyattam
216.jpg,kathakali
95.jpg,odissi
17.jpg,kathak
162.jpg,bharatanatyam
346.jpg,kathak
439.jpg,kathakali
232.jpg,kathakali
150.jpg,bharatanatyam
401.jpg,kathak
145.jpg,bharatanatyam
23.jpg,kathak
514.jpg,kathak
193.jpg,kathakali
416.jpg,odissi
447.jpg,odissi
220.jpg,kathakali
505.jpg,odissi
147.jpg,odissi
210.jpg,kathak
40.jpg,kathak
284.jpg,bharatanatyam
55.jpg,kathak
378.jpg,odissi
520.jpg,odissi
484.jpg,odissi
112.jpg,bharatanatyam
360.jpg,kathak
317.jpg,kathak
71.jpg,kathak
202.jpg,kathakali
92.jpg,manipuri
11.jpg,kathak
67.jpg,kathak
138.jpg,kathakali
506.jpg,odissi
146.jpg,bharatanatyam
318.jpg,kathak
198.jpg,kathakali
375.jpg,odissi
41.jpg,odissi
421.jpg,bharatanatyam
129.jpg,kathakali
14.jpg,kathak
460.jpg,odissi
34.jpg,kathak
380.jpg,odissi
238.jpg,odissi
392.jpg,kathakali
80.jpg,manipuri
517.jpg,odissi
13.jpg,kathak
189.jpg,kathakali
390.jpg,kathak
487.jpg,odissi
438.jpg,kuchipudi
482.jpg,odissi
206.jpg,kathakali
217.jpg,kathakali
285.jpg,odissi
385.jpg,bharatanatyam
495.jpg,odissi
269.jpg,bharatanatyam
429.jpg,kuchipudi
291.jpg,mohiniyattam
461.jpg,odissi
256.jpg,mohiniyattam
48.jpg,kathak
290.jpg,kathakali
437.jpg,odissi
498.jpg,odissi
173.jpg,bharatanatyam
280.jpg,kathakali
119.jpg,bharatanatyam
363.jpg,odissi
97.jpg,kathak
414.jpg,odissi
386.jpg,kathakali
424.jpg,bharatanatyam
157.jpg,odissi
33.jpg,odissi
354.jpg,kathak
57.jpg,kathak
108.jpg,kathak
239.jpg,kathakali
441.jpg,odissi
215.jpg,kathakali
373.jpg,odissi
292.jpg,mohiniyattam
110.jpg,kathakali
510.jpg,odissi
275.jpg,kathakali
366.jpg,odissi
226.jpg,kathak
35.jpg,kathak
458.jpg,odissi
358.jpg,sattriya
